name,UTK apparent age,UTK predict age,Wiki apparent age,Wiki predict age,Race,Gender
Ade.jpg,41,26,30,29,Indian,F
Ade_crop.jpg,28,28,23,21,Indian,F
Akunshi.jpg,48,26,36,36,Indian,F
Apoorva.jpg,31,28,35,36,Indian,M
Arjun.jpg,34,34,35,36,Indian,M
Brandon.jpg,27,28,27,25,Caucasian,M
Cath1.jpg,24,22,24,22,Asian,F
Cath2.jpg,34,28,30,31,Asian,F
Cath3.jpg,49,26,26,24,Asian,F
Cath3_crop.jpg,34,26,34,29,Asian,F
Chris Henson.jpg,49,26,39,39,Caucasian,M
Chris Henson2.jpg,39,26,27,24,Caucasian,M
Chris Steeve.jpg,27,28,22,21,Caucasian,M
Daniel.jpg,36,34,28,25,Asian,M
Derick.jpg,31,26,39,38,Asian,M
Derick2.jpg,36,34,36,34,Asian,M
Emily.jpg,31,26,47,47,Caucasian,F
Gab.jpg,38,34,36,31,Caucasian,M
Ghosh.jpg,47,50,49,46,Indian,M
Hannah Ho.jpg,34,28,39,38,Asian,F
Hannah Warren.jpg,33,26,35,34,Asian,F
He Wang.jpg,31,26,34,29,Asian,F
Jacob.jpg,32,28,38,38,Caucasian,M
Jacob_uncrop.jpg,36,26,31,31,Caucasian,M
Jayant.jpg,30,28,23,21,Indian,M
Jenny.jpg,33,26,29,27,Asian,F
Josh.jpg,44,42,39,38,Caucasian,M
Kachi.jpg,29,28,24,23,Black,F
Karan.jpg,42,45,35,34,Indian,M
Katherin.jpg,34,26,34,36,Caucasian,F
Katie.jpg,33,29,27,25,Caucasian,F
Kezhen Yang.jpg,39,28,36,36,Asian,F
LaShay.jpg,33,26,32,31,Black,F
Michael.jpg,32,28,21,21,Caucasian,M
Mohini.jpg,33,26,31,31,Indian,F
Nithin.jpg,40,34,36,36,Indian,M
Pooja1.jpg,29,28,25,25,Indian,F
Qinpei 3.jpg,37,26,36,36,Asian,M
Qinpei 4.jpg,51,26,34,31,Asian,M
Qinpei.jpg,32,28,27,25,Asian,M
Qinpei2.jpg,43,26,37,36,Asian,M
Qinpei_uncrop.jpg,30,26,28,27,Asian,M
Ravi.jpg,27,26,31,31,Indian,M
Reid.jpg,36,28,35,34,Caucasian,F
Robbie.jpg,26,28,27,29,Caucasian,M
Rocco.jpg,46,45,34,36,Caucasian,M
Rui Ying.jpg,35,26,36,36,Asian,F
Ryan_crop.jpg,36,29,28,25,Caucasian,M
Saurabh.jpg,27,28,30,29,Indian,M
Sebastian.jpg,50,26,27,25,Other,M
Sebastian2_crop.jpg,37,34,30,31,Other,M
Sebastian3.jpg,33,26,38,38,Other,M
Sebastian4.jpg,40,26,34,31,Other,M
Sebastian_rotate.jpg,35,34,32,31,Other,M
Shane_Crop.jpg,28,28,32,31,Asian,M
Shivank.jpg,30,28,28,25,Indian,M
Sijo.jpg,30,28,27,25,Indian,M
Sijo_uncrop.jpg,42,26,37,34,Indian,M
Skylar.jpg,54,58,39,31,Caucasian,M
Sohana.jpg,26,25,35,34,Indian,F
Sohana_uncrop.jpg,35,26,35,31,Indian,F
Sterling.jpg,34,28,30,29,Caucasian,M
Thomos.jpg,37,28,28,25,Caucasian,M
Thrium.jpg,57,61,35,36,Indian,M
Thrium_crop.jpg,37,34,26,25,Indian,M
Tony.jpg,30,28,26,25,Asian,M
Trisha.jpg,25,22,29,25,Indian,F
Udbhav.jpg,35,28,33,31,Indian,M
Victor.jpg,34,26,37,38,Asian,M
Yeongln.jpg,23,22,22,20,Asian,F
